English,Turkish
the,the
and,Ve
have,sahip olmak
that,O
for,için
you,Sen
with,ile
say,söylemek
this,Bu
they,Onlar
but,Ancak
his,onun
from,itibaren
not,Olumsuz
she,o
as,gibi
what,Ne
their,onların
can,olabilmek
who,kim
get,elde etmek
would,istemek
her,o
all,Tümü
make,yapmak
about,hakkında
know,Bilmek
will,irade
one,bir
time,zaman
there,Orası
year,yıl
think,düşünmek
when,Ne zaman
which,Hangi
them,onlara
some,bazı
people,insanlar
take,almak
out,dışarı
into,içine
just,Sadece
see,Görmek
him,o
your,senin
come,Gelmek
could,abilir
now,Şimdi
than,hariç
like,beğenmek
other,diğer
how,Nasıl
then,Daha sonra
its,onun
our,bizim
two,iki
more,Daha
these,bunlar
want,istek
way,yol
look,Bakmak
first,Birinci
also,Ayrıca
new,yeni
because,Çünkü
day,gün
use,kullanmak
man,Adam
find,bulmak
here,Burada
thing,şey
give,vermek
many,birçok
well,Peki
only,sadece
those,onlar
tell,söylemek
very,çok
even,eşit
back,geri
any,herhangi
good,iyi
woman,kadın
through,başından sonuna kadar
life,hayat
child,çocuk
work,iş
down,aşağı
may,mayıs
after,sonrasında
should,meli
call,Arama
world,dünya
over,üzerinde
school,okul
still,Hala
try,denemek
last,son
ask,sormak
need,ihtiyaç
too,fazla
feel,hissetmek
three,üç
state,durum
never,Asla
become,haline gelmek
between,arasında
high,yüksek
really,Gerçekten
something,bir şey
most,en
another,bir diğer
much,fazla
family,aile
own,sahip olmak
leave,ayrılmak
put,koymak
old,eskimiş
while,sırasında
mean,Anlam
keep,kale
student,öğrenci
why,Neden
let,izin vermek
great,Harika
same,Aynı
big,büyük
group,grup
begin,başlamak
seem,gözükmek
country,ülke
help,yardım
talk,konuşmak
where,Neresi
turn,dönüş
problem,sorun
every,Her
start,başlangıç
hand,el
might,belki
American,Amerikan
show,göstermek
part,parça
against,aykırı
place,yer
such,çok
again,Tekrar
few,bir kaç
case,dava
week,hafta
company,şirket
system,sistem
each,her biri
right,Sağ
program,programı
hear,duymak
question,soru
during,sırasında
play,oynamak
government,devlet
run,koşmak
small,küçük
number,sayı
off,kapalı
always,Her zaman
move,taşınmak
night,gece
live,canlı
Mr,Bay
point,nokta
believe,inanmak
hold,tutmak
today,Bugün
bring,getirmek
happen,olmak
next,Sonraki
without,olmadan
before,önce
large,büyük
million,milyon
must,mutlak
home,Ev
under,altında
water,su
room,oda
write,yazmak
mother,anne
area,alan
national,ulusal
money,para
story,hikaye
young,genç
fact,hakikat
month,ay
different,farklı
lot,pay
study,çalışmak
book,kitap
eye,göz
job,iş
word,kelime
though,Yine de
business,işletme
issue,sorun
side,taraf
kind,tür
four,dört
head,KAFA
far,uzak
black,siyah
long,uzun
both,ikisi birden
little,biraz
house,ev
yes,Evet
since,o zamandan beri
provide,sağlamak
service,hizmet
around,etrafında
friend,arkadaş
important,önemli
father,baba
sit,oturmak
away,uzak
until,değin
power,güç
hour,saat
game,oyun
often,sıklıkla
yet,henüz
line,astar
political,siyasi
end,son
among,arasında
ever,durmadan
stand,durmak
bad,kötü
lose,kaybetmek
however,Yine de
member,üye
pay,ödemek
law,kanun
meet,tanışmak
car,araba
city,şehir
almost,neredeyse
include,katmak
continue,devam etmek
set,ayarlamak
later,Daha sonra
community,toplum
name,isim
five,beş
once,bir kere
white,beyaz
least,en az
president,başkan
learn,öğrenmek
real,gerçek
change,değiştirmek
team,takım
minute,dakika
best,en iyi
several,birçok
idea,fikir
kid,çocuk
body,vücut
information,bilgi
nothing,Hiçbir şey
ago,evvel
lead,yol göstermek
social,sosyal
understand,anlamak
whether,ikisinden biri
watch,kol saati
together,birlikte
follow,takip etmek
parent,ebeveyn
stop,durmak
face,yüz
anything,herhangi bir şey
create,yaratmak
public,halk
already,çoktan
speak,konuşmak
others,diğerleri
read,Okumak
level,seviye
allow,izin vermek
add,eklemek
office,ofis
spend,harcamak
door,kapı
health,sağlık
person,kişi
art,sanat
sure,Elbette
war,savaş
history,tarih
party,Parti
within,içinde
grow,büyümek
result,sonuç
open,açık
morning,Sabah
walk,yürümek
reason,sebep
low,Düşük
win,kazanç
research,araştırma
girl,kız
guy,adam
early,erken
food,yiyecek
moment,an
himself,kendisi
air,hava
teacher,Öğretmen
force,güç
offer,teklif
enough,yeterli
education,eğitim
across,karşısında
although,rağmen
remember,Unutma
foot,ayak
second,ikinci
boy,erkek çocuk
maybe,Belki
toward,karşı
able,hünerli
age,yaş
policy,politika
everything,her şey
love,Aşk
process,işlem
music,müzik
including,içermek
consider,dikkate almak
appear,belli olmak
actually,Aslında
buy,satın almak
probably,muhtemelen
human,insan
wait,Beklemek
serve,sert
market,pazar
die,ölmek
send,Göndermek
expect,beklemek
sense,algı
build,inşa etmek
stay,kalmak
fall,düşmek
oh,ah
nation,ulus
plan,plan
cut,kesmek
college,kolej
interest,faiz
death,ölüm
course,kurs
someone,birisi
experience,deneyim
behind,arka
reach,ulaşmak
local,yerel
kill,öldürmek
six,altı
remain,geriye kalmak
effect,etki
yeah,Evet
suggest,tavsiye etmek
class,sınıf
control,kontrol
raise,artırmak
care,bakım
perhaps,belki
late,geç
hard,zor
field,alan
else,başka
pass,geçmek
former,önceki
sell,satmak
major,ana
sometimes,Bazen
require,gerekmek
along,birlikte
development,gelişim
themselves,kendileri
report,rapor
role,rol
better,daha iyi
economic,ekonomik
effort,çaba
decide,karar vermek
rate,oran
strong,güçlü
possible,olası
heart,kalp
drug,ilaç
leader,Önder
light,ışık
voice,ses
wife,eş
whole,tüm
police,polis
mind,akıl
finally,Sonunda
pull,çekmek
return,geri dönmek
free,özgür
military,askeri
price,fiyat
less,az
according,binaen
decision,karar
explain,açıklamak
son,oğul
hope,umut
develop,geliştirmek
view,görüş
relationship,ilişki
carry,taşımak
town,şehir
road,yol
drive,sürmek
arm,kol
TRUE,DOĞRU
federal,federal
break,kırmak
difference,fark
thank,teşekkür etmek
receive,almak
value,değer
international,uluslararası
building,bina
action,aksiyon
full,tam dolu
model,modeli
join,katılmak
season,mevsim
society,toplum
tax,vergi
director,müdür
position,konum
player,oyuncu
agree,kabul etmek
especially,özellikle
record,kayıt
pick,seçmek
wear,giymek
paper,kağıt
special,özel
space,uzay
ground,zemin
form,biçim
support,Destek
event,etkinlik
official,resmi
whose,kimin
matter,konu
everyone,herkes
center,merkez
couple,çift
site,alan
project,proje
hit,vurmak
base,temel
activity,aktivite
star,yıldız
table,masa
court,mahkeme
produce,üretmek
eat,yemek yemek
teach,öğretmek
oil,yağ
half,yarım
situation,durum
easy,kolay
cost,maliyet
industry,endüstri
figure,figür
street,sokak
image,görüntü
itself,kendisi
phone,telefon
either,herhangi biri
data,veri
cover,kapak
quite,epeyce
picture,resim
clear,temizlemek
practice,pratik
piece,parça
land,kara
recent,son
describe,betimlemek
product,ürün
doctor,doktor
wall,duvar
patient,hasta
worker,çalışan
news,haberler
test,Ölçek
movie,film
certain,kesin
north,kuzey
personal,kişisel
simply,basitçe
third,üçüncü
technology,teknoloji
catch,yakalamak
step,adım
baby,Bebek
computer,bilgisayar
type,tip
attention,dikkat
draw,çizmek
film,film
Republican,Cumhuriyetçi
tree,ağaç
source,kaynak
red,kırmızı
nearly,neredeyse
organization,organizasyon
choose,seçmek
cause,neden
hair,saç
century,yüzyıl
evidence,kanıt
window,pencere
difficult,zor
listen,Dinlemek
soon,yakında
culture,kültür
billion,milyar
chance,şans
brother,Erkek kardeş
energy,enerji
period,dönem
summer,yaz
realize,fark etmek
hundred,yüz
available,mevcut
plant,bitki
likely,büyük ihtimalle
opportunity,fırsat
term,terim
short,kısa
letter,mektup
condition,durum
choice,seçenek
single,Bekar
rule,kural
daughter,kız çocuğu
administration,yönetim
south,güney
husband,koca
Congress,Kongre
floor,zemin
campaign,kampanya
material,malzeme
population,nüfus
economy,ekonomi
medical,tıbbi
hospital,hastane
church,kilise
close,kapalı
thousand,bin
risk,risk
current,akım
fire,ateş
future,gelecek
wrong,yanlış
involve,içermek
defense,savunma
anyone,herhangi biri
increase,arttırmak
security,güvenlik
bank,banka
myself,kendim
certainly,kesinlikle
west,batı
sport,spor
board,pano
seek,aramak
per,başına
subject,ders
officer,subay
private,özel
rest,dinlenmek
behavior,davranış
deal,anlaşmak
performance,verim
fight,kavga
throw,fırlatmak
top,tepe
quickly,hızlıca
past,geçmiş
goal,amaç
bed,yatak
order,emir
author,yazar
fill,doldurmak
represent,temsil etmek
focus,odak
foreign,yabancı
drop,düşürmek
blood,kan
upon,üzerine
agency,Ajans
push,itmek
nature,doğa
color,renk
recently,son zamanlarda
store,mağaza
reduce,azaltmak
sound,ses
note,Not
fine,iyi
near,yakın
movement,hareket
page,sayfa
enter,girmek
share,paylaşmak
common,yaygın
poor,fakir
natural,doğal
race,ırk
concern,kaygı
series,seri
significant,önemli
similar,benzer
hot,sıcak
language,dil
usually,genellikle
response,cevap
dead,ölü
rise,yükselmek
animal,hayvan
factor,faktör
decade,on yıl
article,madde
shoot,film çekmek
east,doğu
save,kaydetmek
seven,Yedi
artist,sanatçı
scene,sahne
stock,stoklamak
career,kariyer
despite,aksine
central,merkezi
eight,sekiz
thus,Böylece
treatment,tedavi
beyond,öte
happy,mutlu
exactly,Kesinlikle
protect,korumak
approach,yaklaşmak
lie,yalan
size,boyut
dog,köpek
fund,"fon, sermaye"
serious,cidden
occur,meydana gelmek
media,medya
ready,hazır
sign,imza
thought,düşünce
list,liste
individual,bireysel
simple,basit
quality,kalite
pressure,basınç
accept,kabul etmek
answer,cevap
resource,kaynak
identify,tanımlamak
left,sol
meeting,toplantı
determine,belirlemek
prepare,hazırlanmak
disease,hastalık
whatever,Her neyse
success,başarı
argue,tartışmak
cup,bardak
particularly,özellikle
amount,miktar
ability,yetenek
staff,kadro
recognize,tanımak
indicate,belirtmek
character,karakter
growth,büyüme
loss,kayıp
degree,derece
wonder,merak etmek
attack,saldırı
herself,kendini
region,bölge
television,televizyon
box,kutu
TV,televizyon
training,eğitim
pretty,tatlı
trade,ticaret
election,seçim
everybody,herkes
physical,fiziksel
lay,sermek
general,genel
feeling,his
standard,standart
bill,fatura
message,İleti
fail,hata
outside,dıştan
arrive,varmak
analysis,analiz
benefit,fayda
sex,seks
forward,ileri
lawyer,avukat
present,Sunmak
section,bölüm
environmental,çevresel
glass,bardak
skill,yetenek
sister,kız kardeş
PM,ÖĞLEDEN SONRA
professor,profesör
operation,operasyon
financial,parasal
crime,suç
stage,sahne
ok,Tamam
compare,karşılaştırmak
authority,yetki
miss,kayıp
design,tasarım
sort,düzenlemek
act,davranmak
ten,on
knowledge,bilgi
gun,silah
station,istasyon
blue,mavi
strategy,strateji
clearly,Açıkça
discuss,tartışmak
indeed,Aslında
truth,gerçek
song,şarkı
example,örnek
democratic,demokratik
check,kontrol etmek
environment,çevre
leg,bacak
dark,karanlık
various,çeşitli
rather,yerine
laugh,gülmek
guess,tahmin etmek
executive,yönetici
prove,kanıtlamak
hang,asmak
entire,bütün
rock,kaynak
forget,unutmak
claim,iddia
remove,kaldırmak
manager,müdür
enjoy,Eğlence
network,ağ
legal,yasal
religious,din
cold,soğuk
final,son
main,ana
science,bilim
green,yeşil
memory,hafıza
card,kart
above,üstünde
seat,koltuk
cell,hücre
establish,kurmak
nice,Güzel
trial,duruşma
expert,uzman
spring,bahar
firm,firma
Democrat,Demokrat
radio,radyo
visit,ziyaret etmek
management,yönetmek
avoid,kaçınmak
imagine,hayal etmek
tonight,bu akşam
huge,büyük
ball,top
finish,sona ermek
yourself,kendin
theory,teori
impact,darbe
respond,yanıtlamak
statement,ifade
maintain,sürdürmek
charge,şarj
popular,popüler
traditional,geleneksel
onto,üzerine
reveal,ortaya çıkarmak
direction,yön
weapon,silah
employee,çalışan
cultural,kültürel
contain,içermek
peace,barış
pain,ağrı
apply,uygula
measure,ölçüm
wide,geniş
shake,sallamak
fly,uçmak
interview,röportaj
manage,üstesinden gelmek
chair,sandalye
fish,balık
particular,özel
camera,kamera
structure,yapı
politics,siyaset
perform,rol yapmak
bit,biraz
weight,ağırlık
suddenly,Birden
discover,keşfetmek
candidate,aday
production,üretme
treat,davranmak
trip,seyahat
evening,akşam
affect,etkilemek
inside,içeri
conference,konferans
unit,birim
style,stil
adult,yetişkin
worry,endişelenmek
range,menzil
mention,değinmek
deep,derin
edge,kenar
specific,özel
writer,yazar
trouble,bela
necessary,gerekli
throughout,boyunca
challenge,meydan okumak
fear,korku
shoulder,omuz
institution,kurum
middle,orta
sea,deniz
dream,rüya
bar,çubuk
beautiful,Güzel
property,mülk
instead,yerine
improve,geliştirmek
stuff,şey
detail,detay
method,yöntem
somebody,birisi
magazine,dergi
hotel,otel
soldier,asker
reflect,yansıtmak
heavy,ağır
sexual,cinsel
bag,çanta
heat,sıcaklık
marriage,evlilik
tough,zorlu
sing,şarkı söylemek
surface,yüzey
purpose,amaç
exist,var olmak
pattern,model
whom,kime
skin,deri
agent,ajan
owner,mal sahibi
machine,makine
gas,gaz
ahead,ilerde
generation,nesil
commercial,reklam
address,adres
cancer,kanser
item,öğe
reality,gerçeklik
coach,koç
Mrs,Bayan
yard,bahçe
beat,vurmak
violence,şiddet
total,Toplam
tend,eğilimli olma
investment,yatırım
discussion,tartışma
finger,parmak
garden,bahçe
notice,fark etme
collection,Toplamak
modern,modern
task,görev
partner,ortak
positive,pozitif
civil,sivil
kitchen,mutfak
consumer,tüketici
shot,atış
budget,bütçe
wish,dilek
painting,tablo
scientist,bilim adamı
safe,güvenli
agreement,anlaşma
capital,başkent
mouth,ağız
nor,ne de
victim,kurban
newspaper,gazete
threat,tehdit
responsibility,sorumluluk
smile,gülümsemek
attorney,avukat
score,Gol
account,hesap
interesting,ilginç
audience,kitle
rich,zengin
dinner,akşam yemeği
vote,oy
western,batılı
relate,ilgili olmak
travel,seyahat
debate,çekişme
prevent,önlemek
citizen,vatandaş
majority,çoğunluk
none,hiçbiri
front,ön
born,doğmak
admit,itiraf etmek
senior,kıdemli
assume,farz etmek
wind,rüzgâr
key,anahtar
professional,profesyonel
mission,misyon
fast,hızlı
alone,yalnız
customer,müşteri
suffer,acı çekmek
speech,konuşma
successful,başarılı
option,seçenek
participant,katılımcı
southern,güney
fresh,taze
eventually,sonunda
forest,orman
video,video
global,küresel
Senate,Senato
reform,reform
access,erişim
restaurant,restoran
judge,yargıç
publish,Yayınla
relation,ilişki
release,serbest bırakmak
bird,kuş
opinion,fikir
credit,kredi
critical,kritik
corner,köşe
concerned,endişeli
recall,hatırlamak
version,versiyon
stare,bakmak
safety,emniyet
effective,etkili
neighborhood,komşu
original,orijinal
troop,birlik
income,gelir
directly,direkt olarak
hurt,acıtmak
species,türler
immediately,hemen
track,izlemek
basic,temel
strike,çarpmak
sky,gökyüzü
freedom,özgürlük
absolutely,kesinlikle
plane,uçak
nobody,hiç kimse
achieve,başarmak
object,nesne
attitude,davranış
labor,iş gücü
refer,bahsetmek
concept,kavram
client,müşteri
powerful,güçlü
perfect,mükemmel
nine,dokuz
therefore,Öyleyse
conduct,yönetmek
announce,duyurmak
conversation,konuşma
examine,incelemek
touch,dokunmak
please,Lütfen
attend,katılmak
completely,tamamen
variety,çeşitlilik
sleep,uyumak
involved,dahil olmuş
investigation,soruşturma
nuclear,nükleer
researcher,araştırmacı
press,basmak
conflict,anlaşmazlık
spirit,ruh
replace,yer değiştirmek
British,ingiliz
encourage,cesaretlendirmek
argument,argüman
camp,kamp
brain,beyin
feature,özellik
afternoon,öğleden sonra
AM,sabah
weekend,hafta sonu
dozen,düzine
possibility,olasılık
insurance,sigorta
department,departman
battle,savaş
beginning,başlangıç
date,tarih
generally,genel olarak
African,Afrikalı
sorry,Üzgünüm
crisis,kriz
complete,tamamlamak
fan,fan
stick,sopa
define,tanımlamak
easily,kolayca
hole,delik
element,eleman
vision,görüş
status,durum
normal,normal
Chinese,Çince
ship,gemi
solution,çözüm
stone,taş
slowly,yavaşça
scale,ölçek
university,Üniversite
introduce,tanıtmak
driver,sürücü
attempt,girişim
park,park
spot,leke
lack,eksiklik
ice,buz
boat,bot
drink,içmek
sun,güneş
distance,mesafe
wood,odun
handle,halletmek
truck,kamyon
mountain,dağ
survey,anket
supposed,sözde
tradition,gelenek
winter,kış
village,köy
Soviet,Sovyet
refuse,reddetmek
sales,satış
roll,rulo
communication,iletişim
screen,ekran
gain,kazanmak
resident,ikamet eden kişi
hide,saklamak
gold,altın
club,kulüp
farm,çiftlik
potential,potansiyel
European,Avrupalı
presence,mevcudiyet
independent,bağımsız
district,semt
shape,şekil
reader,okuyucu
Ms,Hanım
contract,sözleşme
crowd,kalabalık
Christian,Hıristiyan
express,ifade etmek
apartment,apartman
willing,hevesli
strength,kuvvet
previous,öncesi
band,bant
obviously,açıkça
horse,atış
interested,ilgili
target,hedef
prison,hapishane
ride,sürmek
guard,koruma
terms,şartlar
demand,talep etmek
reporter,muhabir
deliver,teslim etmek
text,metin
tool,alet
wild,vahşi
vehicle,araç
observe,gözlemlemek
flight,uçuş
facility,tesis
understanding,anlayış
average,ortalama
emerge,meydana gelmek
advantage,avantaj
quick,hızlı
leadership,liderlik
earn,para kazanmak
pound,pound
basis,temel
bright,parlak
operate,işletmek
guest,misafir
sample,örnek
contribute,katkı yapmak
tiny,minik
block,engellemek
protection,koruma
settle,yerleşmek
feed,beslemek
collect,TOPLAMAK
additional,ek olarak
highly,büyük ölçüde
identity,kimlik
title,başlık
mostly,çoğunlukla
lesson,ders
faith,inanç
river,nehir
promote,terfi
living,yaşamak
count,saymak
unless,meğer ki
marry,evlenmek
tomorrow,Yarın
technique,teknik
path,yol
ear,kulak
shop,mağaza
folk,halk
principle,prensip
survive,hayatta kalmak
lift,kaldırmak
border,sınır
competition,yarışma
jump,zıplamak
gather,toplamak
limit,sınır
fit,yerleştirmek
cry,ağlamak
equipment,teçhizat
worth,değer
associate,iş arkadaşı
critic,eleştirmen
warm,ılık
aspect,bakış açısı
insist,ısrar etmek
failure,arıza
annual,yıllık
French,Fransızca
Christmas,Noel
comment,Yorum
responsible,sorumlu
affair,mesele
procedure,prosedür
regular,düzenli
spread,yaymak
chairman,başkan
baseball,beyzbol
soft,yumuşak
ignore,görmezden gelmek
egg,Yumurta
belief,inanç
demonstrate,göstermek
anybody,herhangi biri
murder,cinayet
gift,hediye
religion,din
review,gözden geçirmek
editor,editör
engage,angaje etmek
coffee,Kahve
document,belge
speed,hız
cross,geçmek
influence,etkilemek
anyway,Neyse
threaten,tehdit etmek
commit,işlemek
female,dişi
youth,gençlik
wave,dalga
afraid,korkmuş
quarter,çeyrek
background,arka plan
native,yerli
broad,kalın
wonderful,müthiş
deny,reddetmek
apparently,görünüşe göre
slightly,biraz
reaction,reaksiyon
twice,iki kere
suit,uygun olmak
perspective,perspektif
growing,büyüyor
blow,üflemek
construction,yapı
intelligence,istihbarat
destroy,tahrip etmek
cook,aşçı
connection,bağlantı
burn,yakmak
shoe,ayakkabı
grade,seviye
context,bağlam
committee,Kurul
hey,Hey
mistake,hata
location,konum
clothes,kıyafetler
Indian,Hintli
quiet,sessizlik
dress,elbise
promise,söz
aware,farkında olmak
neighbor,komşu
function,işlev
bone,kemik
active,aktif
extend,uzatmak
chief,şef
combine,birleştirmek
wine,şarap
below,altında
cool,Serin
voter,seçmen
learning,öğrenme
bus,otobüs
hell,cehennem
dangerous,tehlikeli
remind,hatırlatmak
moral,ahlaki
United,Birleşik
category,kategori
relatively,nispeten
victory,zafer
academic,akademik
Internet,internet
healthy,sağlıklı
negative,olumsuz
following,takip etme
historical,tarihi
medicine,ilaç
tour,tur
depend,bağlı olmak
photo,Fotoğraf
finding,bulma
grab,yakalamak
direct,doğrudan
classroom,sınıf
contact,temas etmek
justice,adalet
participate,katılmak
daily,günlük
fair,adil
pair,çift
famous,ünlü
exercise,egzersiz yapmak
knee,diz
flower,çiçek
tape,kaset
hire,kiralamak
familiar,aşina
appropriate,uygun
supply,tedarik
fully,tamamen
actor,aktör
birth,doğum
search,aramak
tie,bağlamak
democracy,demokrasi
eastern,doğu
primary,öncelik
yesterday,Dün
circle,daire
device,cihaz
progress,ilerlemek
bottom,alt
island,ada
exchange,değişme
clean,temiz
studio,stüdyo
train,tren
lady,bayan
colleague,iş arkadaşı
application,başvuru
neck,boyun
lean,eğilmek
damage,zarar
plastic,plastik
tall,uzun
plate,plaka
hate,nefret
otherwise,aksi takdirde
writing,yazı
male,erkek
alive,canlı
expression,ifade
football,Futbol
intend,niyet etmek
chicken,tavuk
army,ordu
abuse,suistimal etmek
theater,tiyatro
shut,kapamak
map,harita
extra,ekstra
session,oturum
danger,tehlike
welcome,Hoş geldin
domestic,yerel
lots,sürü
literature,edebiyat
rain,yağmur
desire,arzu
assessment,değerlendirme
injury,incinme
respect,Saygı
northern,kuzey
nod,başını sallamak
paint,boyamak
fuel,yakıt
leaf,yaprak
dry,kuru
Russian,Rusça
instruction,talimat
pool,havuz
climb,tırmanmak
sweet,tatlı
engine,motor
fourth,dördüncü
salt,tuz
expand,genişletmek
importance,önem
metal,metal
fat,yağ
ticket,bilet
software,yazılım
disappear,yok olmak
corporate,Kurumsal
strange,garip
lip,dudak
reading,okuma
urban,kentsel
mental,zihinsel
increasingly,giderek
lunch,öğle yemeği
educational,eğitici
somewhere,bir yerde
farmer,çiftçi
sugar,şeker
planet,gezegen
favorite,favori
explore,keşfetmek
obtain,elde etmek
enemy,düşman
greatest,En büyük
complex,karmaşık
surround,çevrelemek
athlete,atlet
invite,davet etmek
repeat,tekrarlamak
carefully,dikkatlice
soul,ruh
scientific,ilmi
impossible,imkansız
panel,panel
meaning,Anlam
mom,anne
married,evli
instrument,enstrüman
predict,tahmin etmek
weather,hava durumu
presidential,başkanlık
emotional,duygusal
commitment,bağlılık
Supreme,Yüce
bear,ayı
pocket,cep
thin,ince
temperature,sıcaklık
surprise,sürpriz
poll,anket
proposal,teklif
consequence,sonuçlar
breath,nefes
sight,görünüş
balance,denge
adopt,evlat edinmek
minority,azınlık
straight,dümdüz
connect,bağlamak
works,İşler
teaching,öğretim
belong,ait olmak
aid,yardım
advice,tavsiye
okay,Tamam
photograph,fotoğraf
empty,boş
regional,bölgesel
trail,iz
novel,roman
code,kod
somehow,bir şekilde
organize,düzenlemek
jury,jüri
breast,göğüs
Iraqi,Irak
acknowledge,kabullenmek
theme,tema
storm,fırtına
union,birlik
desk,çalışma masası
thanks,teşekkürler
fruit,meyve
expensive,masraflı
yellow,sarı
conclusion,çözüm
prime,astar vurmak
shadow,gölge
struggle,çabalamak
conclude,sonuçlandırmak
analyst,analist
dance,dans
regulation,düzenleme
being,yapı
ring,yüzük
largely,büyük oranda
shift,vardiya
revenue,hasılat
mark,işaret
locate,yerini belirlemek
county,ilçe
appearance,dış görünüş
package,paket
difficulty,zorluk
bridge,köprü
recommend,tavsiye etmek
obvious,bariz
basically,temel olarak
e-mail,e-posta
generate,oluşturmak
anymore,artık değil
propose,"teklif etmek, önermek"
thinking,düşünme
possibly,muhtemelen
trend,akım
visitor,ziyaretçi
loan,borç
currently,şu anda
comfortable,rahat
investor,yatırımcı
profit,kâr
angry,sinirli
crew,mürettebat
accident,kaza
meal,yemek
hearing,işitme
traffic,trafik
muscle,kas
notion,fikir
capture,esir almak
prefer,tercih etmek
truly,tamamen
earth,toprak
Japanese,Japonca
chest,göğüs
thick,kalın
cash,peşin
museum,müze
beauty,güzellik
emergency,acil durum
unique,eşsiz
internal,dahili
ethnic,etnik
link,bağlantı
stress,stres
content,içerik
select,seçme
root,kök
nose,burun
declare,ilan etmek
appreciate,takdirle karşılamak
actual,gerçek
bottle,şişe
hardly,zorlu
setting,ayar
launch,öğle yemeği
file,dosya
sick,hasta
outcome,sonuç
ad,reklam
defend,savunmak
duty,görev
sheet,çarşaf
ought,yapmalı
ensure,emin olmak
Catholic,Katolik
extremely,aşırı boyutta
extent,kapsam
component,bileşen
mix,karışım
long-term,uzun vadeli
slow,yavaş
contrast,zıtlık
zone,alan
wake,uyanmak
airport,havalimanı
brown,kahverengi
shirt,gömlek
pilot,pilot
warn,uyarmak
ultimately,sonuçta
cat,kedi
contribution,katkı
capacity,kapasite
ourselves,kendimizi
estate,arazi
guide,rehber
circumstance,durum
snow,kar
English,İngilizce
politician,politikacı
steal,hırsızlık yapmak
pursue,izlemek
slip,kayma
percentage,yüzde
meat,et
funny,eğlenceli
neither,hiç biri
soil,toprak
surgery,ameliyat
correct,doğru
Jewish,Yahudi
blame,suçlamak
estimate,tahmin etmek
due,vadesi dolmuş
basketball,Basketbol
golf,golf
investigate,araştırmak
crazy,deli
significantly,önemli ölçüde
chain,zincir
branch,dal
combination,kombinasyon
frequently,sıklıkla
governor,Vali
relief,rahatlama
user,kullanıcı
dad,baba
kick,tekme atmak
manner,biçim
ancient,antik
silence,sessizlik
rating,değerlendirme
golden,altın
motion,hareket
German,Almanca
gender,cinsiyet
solve,çözmek
fee,ücret
landscape,manzara
used,kullanılmış
bowl,tas
equal,eşit
forth,ileri
frame,çerçeve
typical,tipik
except,hariç
conservative,tutucu
eliminate,elemek
host,ev sahibi
hall,salon
trust,güven
ocean,okyanus
row,sıra
producer,üretici
afford,parası yetmek
meanwhile,Bu sırada
regime,rejim
division,bölüm
confirm,onaylamak
fix,düzeltmek
appeal,çekici
mirror,ayna
tooth,diş
smart,akıllı
length,uzunluk
entirely,Baştan sona
rely,güvenmek
topic,başlık
complain,şikayet etmek
variable,değişken
telephone,telefon
perception,algı
attract,cezbetmek
confidence,kendinden emin
bedroom,yatak odası
secret,gizli
debt,borç
rare,nadir
tank,tankı
nurse,hemşire
coverage,kapsama
opposition,muhalefet
aside,bir kenara
anywhere,herhangi bir yer
bond,bağlamak
pleasure,zevk
master,usta
era,dönem
requirement,gereklilik
fun,eğlence
expectation,beklenti
wing,kanat
separate,ayırmak
somewhat,biraz
pour,dökün
stir,karıştırmak
judgment,yargı
beer,bira
reference,referans
tear,göz yaşı
doubt,şüphe
grant,hibe etmek
seriously,Cidden
minister,bakan
totally,tamamen
hero,kahraman
industrial,Sanayi
cloud,bulut
stretch,uzatmak
winner,kazanan
volume,hacim
seed,tohum
surprised,şaşırmış
fashion,moda
pepper,biber
busy,Meşgul
intervention,araya girmek
copy,kopyala
tip,uç
cheap,ucuz
aim,amaç
cite,anmak
welfare,refah
vegetable,sebze
gray,gri
dish,tabak
beach,sahil
improvement,gelişim
everywhere,her yer
opening,açılış
overall,etraflı
divide,bölmek
initial,ilk
terrible,korkunç
oppose,karşı çıkmak
contemporary,modern
route,rota
multiple,çoklu
essential,gerekli
league,lig
criminal,adli
careful,dikkatli olmak
core,çekirdek
upper,üst
rush,acele etmek
necessarily,mutlaka
specifically,özellikle
tired,yorgun
employ,kullanmak
holiday,tatil
vast,büyüklük
resolution,çözünürlük
household,ev
fewer,daha az
abortion,kürtaj
apart,ayrı
witness,tanık
match,kibrit
barely,neredeyse
sector,sektör
representative,temsilci
beneath,altında
beside,yanında
incident,olay
limited,sınırlı
proud,gurur duymak
flow,akış
faculty,Fakülte
increased,artırılmış
waste,atık
merely,sadece
mass,yığın
emphasize,vurgu
experiment,deney
definitely,kesinlikle
bomb,bomba
enormous,kocaman
tone,ton
liberal,liberal
massive,cüsseli
engineer,mühendis
wheel,teker
decline,reddetmek
invest,yatırım
cable,kablo
towards,karşı
expose,ortaya çıkarmak
rural,kırsal
AIDS,AIDS
Jew,Yahudi
narrow,dar
cream,krem
secretary,Sekreter
gate,geçit
solid,sağlam
hill,tepe
typically,tipik
noise,gürültü
grass,çimen
unfortunately,Ne yazık ki
hat,şapka
legislation,mevzuat
succeed,başarmak
celebrate,kutlamak
achievement,başarı
fishing,Balık tutma
accuse,suçlamak
useful,kullanışlı
reject,reddetmek
talent,yetenek
taste,tatmak
characteristic,karakteristik
milk,süt
escape,kaçmak
cast,döküm
sentence,cümle
unusual,olağan dışı
closely,yakından
convince,ikna etmek
height,yükseklik
physician,doktor
assess,değer biçmek
plenty,bolca
virtually,sanal olarak
addition,ek
sharp,keskin
creative,yaratıcı
lower,daha düşük
approve,onaylamak
explanation,açıklama
gay,eşcinsel
campus,yerleşke
proper,düzgün
guilty,suçlu
acquire,elde etmek
compete,rekabet etmek
technical,teknik
plus,artı
immigrant,göçmen
weak,zayıf
illegal,yasadışı
hi,MERHABA
alternative,alternatif
interaction,etkileşim
column,kolon
personality,kişilik
signal,sinyal
curriculum,Müfredat
honor,onur
passenger,yolcu
assistance,yardım
forever,sonsuza kadar
regard,saygınlık
Israeli,İsrail
association,dernek
twenty,yirmi
knock,kapıyı çalmak
wrap,dürüm
lab,laboratuvar
display,görüntülemek
criticism,eleştiri
asset,varlık
depression,depresyon
spiritual,manevi
musical,müzikal
journalist,gazeteci
prayer,namaz
suspect,şüphelenmek
scholar,akademisyen
warning,uyarı
climate,iklim
cheese,peynir
observation,gözlem
childhood,çocukluk
payment,ödeme
sir,Sayın
permit,izin vermek
cigarette,sigara
definition,tanım
priority,öncelik
bread,ekmek
creation,yaratılış
graduate,mezun olmak
request,rica etmek
emotion,duygu
scream,bağırmak
dramatic,dramatik
universe,Evren
gap,açıklık
excellent,harika
deeply,derinden
prosecutor,Savcı
lucky,şanslı
drag,sürüklemek
airline,havayolu
library,kütüphane
agenda,Gündem
recover,iyileşmek
factory,fabrika
selection,seçim
primarily,öncelikle
roof,çatı
unable,aciz
expense,gider
initiative,girişim
diet,diyet
arrest,tutuklamak
funding,finansman
therapy,terapi
wash,yıkamak
schedule,takvim
sad,üzgün
brief,kısa bilgi
housing,Konut
post,postalamak
purchase,satın almak
existing,mevcut
steel,çelik
regarding,ilişkin
shout,bağırmak
remaining,geriye kalan
visual,görsel
fairly,adil bir şekilde
chip,yonga
violent,şiddetli
silent,sessiz
suppose,sanmak
self,öz
bike,bisiklet
tea,çay
perceive,algılamak
comparison,karşılaştırmak
settlement,yerleşme
layer,katman
planning,planlama
description,Tanım
slide,slayt
widely,yaygın olarak
wedding,düğün
inform,bilgi vermek
portion,porsiyon
territory,bölge
immediate,acil
opponent,rakip
abandon,terk etmek
lake,göl
transform,dönüştürmek
tension,tansiyon
leading,önde gelen
bother,rahatsız etmek
consist,meydana gelmek
alcohol,alkol
enable,olanak vermek
bend,bükülmek
saving,tasarruf
desert,çöl
shall,acak
error,hata
cop,polis
Arab,Arap
double,çift
sand,kum
Spanish,İspanyol
print,Yazdır
preserve,korumak
passage,geçit
formal,resmi
transition,geçiş
existence,varoluş
album,albüm
participation,katılım
arrange,düzenlemek
atmosphere,atmosfer
joint,eklem yeri
reply,cevap vermek
cycle,döngü
opposite,zıt
lock,kilit
deserve,hak etmek
consistent,tutarlı
resistance,rezistans
discovery,keşif
exposure,maruziyet
pose,poz
stream,aktarım
sale,satış
pot,tencere
grand,büyük
mine,bana ait
hello,Merhaba
coalition,koalisyon
tale,masal
knife,bıçak
resolve,çözmek
racial,ırksal
phase,faz
joke,şaka
coat,kaban
Mexican,Meksikalı
symptom,belirti
manufacturer,üretici firma
philosophy,Felsefe
potato,patates
foundation,temel
quote,alıntı
online,çevrimiçi
negotiation,müzakere
urge,dürtü
occasion,fırsat
dust,toz
breathe,nefes almak
elect,seçmek
investigator,araştırmacı
jacket,ceket
glad,memnun
ordinary,sıradan
reduction,kesinti
rarely,nadiren
pack,ambalaj
suicide,intihar
numerous,çeşitli
substance,madde
discipline,disiplin
elsewhere,başka yerde
iron,ütü
practical,pratik
moreover,Dahası
passion,tutku
volunteer,gönüllü
implement,uygulamak
essentially,esasen
gene,gen
enforcement,icra
vs,vs
sauce,Sos
independence,bağımsızlık
marketing,pazarlama
priest,rahip
amazing,inanılmaz
intense,yoğun
advance,ilerlemek
employer,iş veren
shock,şok
inspire,ilham vermek
adjust,ayarlamak
retire,emekli olmak
visible,görünür
kiss,öpücük
illness,hastalık
cap,kap
habit,alışkanlık
competitive,rekabetçi
juice,Meyve suyu
congressional,kongre
involvement,katılım
dominate,hakim olmak
previously,önceden
whenever,her ne zaman
transfer,Aktar
analyze,analiz etmek
attach,eklemek
disaster,felaket
parking,otopark
prospect,olasılık
boss,patron
complaint,şikayet
championship,şampiyonluk
fundamental,esas
severe,haşin
enhance,genişletmek
mystery,gizem
impose,empoze etmek
poverty,yoksulluk
entry,giriş
spending,harcama
king,kral
evaluate,değerlendirmek
symbol,sembol
maker,yapıcı
mood,mod
accomplish,sonuçlandırmak
emphasis,vurgu
illustrate,gözünde canlandırmak
boot,bot
monitor,monitör
Asian,Asya
entertainment,eğlence
bean,fasulye
evaluation,değerlendirme
creature,yaratık
commander,komutan
digital,dijital
arrangement,ayarlama
concentrate,yoğunlaşmak
usual,olağan
anger,kızgınlık
psychological,psikolojik
heavily,ağır şekilde
peak,doruğa ulaşmak
approximately,yaklaşık olarak
increasing,artan
disorder,düzensizlik
missile,füze
equally,eşit olarak
vary,çeşitli
wire,tel
round,yuvarlak
distribution,dağıtım
transportation,toplu taşıma
holy,kutsal
twin,ikiz
command,emretmek
commission,komisyon
interpretation,tercüme
breakfast,kahvaltı
strongly,şiddetle
engineering,mühendislik
luck,şans
so-called,Lafta
constant,devamlı
clinic,klinik
veteran,kıdemli
smell,koku
tablespoon,yemek kasigi
capable,yetenekli
nervous,gergin
tourist,turist
toss,atmak
crucial,hayati
bury,gömmek
pray,dua etmek
tomato,domates
exception,istisna
butter,tereyağı
deficit,açık
bathroom,banyo
objective,amaç
electronic,elektronik
ally,müttefik
journey,seyahat
reputation,itibar
mixture,karışım
surely,kesinlikle
tower,kule
smoke,Sigara içmek
confront,karşısına çıkmak
pure,saf
glance,bakış atmak
dimension,boyut
toy,oyuncak
prisoner,mahkum
fellow,aynı tür
smooth,düz
nearby,yakında
peer,akran
designer,tasarımcı
personnel,personel
educator,eğitimci
relative,akraba
immigration,göç
belt,kemer
teaspoon,çay kaşığı
birthday,doğum günü
implication,ima
perfectly,kusursuzca
coast,sahil
supporter,destekçi
accompany,eşlik etmek
silver,gümüş
teenager,genç
recognition,tanıma
retirement,emeklilik
flag,bayrak
recovery,iyileşmek
whisper,fısıltı
gentleman,beyefendi
corn,Mısır
moon,ay
inner,iç
junior,genç
throat,boğaz
salary,maaş
swing,sallanmak
observer,gözlemci
publication,yayın
crop,mahsul
dig,kazmak
permanent,kalıcı
phenomenon,fenomen
anxiety,endişe
unlike,farklı
wet,ıslak
literally,gerçekten
resist,direnmek
convention,ortak düşünce
embrace,kucaklamak
assist,yardım
exhibition,sergi
construct,inşa etmek
viewer,izleyici
pan,tava
consultant,danışman
administrator,yönetici
occasionally,ara sıra
mayor,Belediye Başkanı
consideration,düşünce
CEO,CEO
secure,güvenli
pink,pembe
buck,para
historic,tarihi
poem,şiir
grandmother,Nene
bind,bağlamak
fifth,beşinci
constantly,sürekli
enterprise,girişim
favor,iyilik
testing,test yapmak
stomach,karın
apparent,belirgin
weigh,tartmak
install,düzenlemek
sensitive,hassas
suggestion,telkin
mail,posta
recipe,yemek tarifi
reasonable,mantıklı
preparation,hazırlık
wooden,ahşap
elementary,temel
concert,konser
aggressive,agresif
FALSE,YANLIŞ
intention,niyet
channel,kanal
extreme,aşırı
tube,tüp
drawing,çizim
protein,protein
quit,çıkış yapmak
absence,yokluk
Latin,Latince
rapidly,hızlıca
jail,hapishane
diversity,çeşitlilik
honest,dürüst
Palestinian,Filistin
pace,adımlamak
employment,iş
speaker,hoparlör
impression,izlenim
essay,makale
respondent,katılımcı
giant,devasa
cake,kek
historian,tarihçi
negotiate,müzakere etmek
restore,eski haline getirmek
substantial,varlıklı
pop,pop
specialist,uzman
origin,Menşei
approval,onay
quietly,sessizce
advise,öğüt vermek
conventional,geleneksel
depth,derinlik
wealth,varlık
disability,sakatlık
shell,kabuk
criticize,eleştirmek
effectively,etkili bir şekilde
biological,biyolojik
onion,soğan
deputy,milletvekili
flat,düz
brand,marka
assure,garanti etmek
mad,kızgın
award,ödül
criteria,kriterler
dealer,satıcı
via,aracılığıyla
utility,Yarar
precisely,açık olarak
arise,kalkmak
armed,silahlı
nevertheless,yine de
highway,otoyol
clinical,klinik
routine,rutin
wage,maaş
normally,normalde
phrase,ifade etmek
ingredient,bileşen
stake,hisse
Muslim,Müslüman
fiber,lif
activist,aktivist
Islamic,İslami
snap,patlatmak
terrorism,terörizm
refugee,mülteci
incorporate,firma kurmak
hip,belki
ultimate,nihai
switch,anahtar
corporation,şirket
valuable,değerli
assumption,varsayım
gear,vites
barrier,bariyer
minor,küçük
provision,karşılık
killer,katil
assign,atamak
gang,çete
developing,gelişen
classic,klasik
chemical,kimyasal
label,etiket
teen,genç
index,dizin
vacation,tatil
advocate,avukat
draft,taslak
extraordinary,olağanüstü
heaven,cennet
rough,kaba 
yell,bağırmak
pregnant,hamile
distant,mesafe
drama,dram
satellite,uydu
personally,Şahsen
clock,saat
chocolate,çikolata
Italian,İtalyan
Canadian,Kanadalı
ceiling,tavan
sweep,süpürmek
advertising,reklam
universal,evrensel
spin,döndürmek
button,düğme
bell,zil
rank,rütbe
darkness,karanlık
clothing,Giyim
super,Süper
yield,teslim olmak
fence,çit
portrait,Vesika
survival,hayatta kalma
roughly,kabaca
lawsuit,dava
testimony,tanıklık
bunch,demet
found,kurmak
burden,yük
react,tepki
chamber,bölme
furniture,mobilya
cooperation,işbirliği
string,sicim
ceremony,tören
communicate,iletişim
cheek,yanak
lost,kayıp
profile,profil
mechanism,mekanizma
disagree,aynı fikirde olmamak
penalty,ceza
ie,yani
resort,tatil yeri
destruction,yıkım
unlikely,olası olmayan
tissue,doku
constitutional,anayasal
pant,pantolon
stranger,yabancı
infection,enfeksiyon
cabinet,kabine
broken,kırık
apple,elma
electric,elektrik
proceed,ilerlemek
bet,bahis
literary,edebi
virus,virüs
stupid,aptal
dispute,anlaşmazlık
fortune,talih
strategic,stratejik
assistant,asistan
overcome,üstesinden gelmek
remarkable,dikkat çekici
occupy,işgal etmek
statistics,İstatistik
shopping,alışveriş
cousin,kuzen
encounter,rastlamak
wipe,silip süpürmek
initially,ilk olarak
blind,kör
port,liman
electricity,elektrik
genetic,genetik
adviser,danışman
spokesman,sözcü
retain,sürdürmek
latter,sonuncusu
incentive,teşvik
slave,köle
translate,Çevirmek
accurate,kesin
whereas,halbuki
terror,terör
expansion,genleşme
elite,seçkinler
Olympic,Olimpiyat
dirt,kir
odd,garip
rice,pirinç
bullet,kurşun
tight,sıkı
Bible,Kutsal Kitap
chart,çizelge
solar,güneş
square,kare
concentration,konsantrasyon
complicated,karmaşık
gently,nazikçe
champion,şampiyon
scenario,senaryo
telescope,teleskop
reflection,refleks
revolution,devrim
strip,şerit
interpret,yorumlamak
friendly,arkadaşça
tournament,turnuva
fiction,kurgu
detect,tespit etmek
tremendous,muazzam
lifetime,ömür
recommendation,öneri
senator,senatör
hunting,Avcılık
salad,salata
guarantee,garanti
innocent,masum
boundary,sınır
pause,Duraklat
remote,uzak
satisfaction,memnuniyet
journal,günlük
bench,Bank
lover,sevgili
raw,çiğ
awareness,farkındalık
surprising,şaşırtıcı
withdraw,geri çekilmek
deck,güverte
similarly,benzer şekilde
newly,yeni
pole,kutup
testify,tanıklık etmek
mode,mod
dialogue,diyalog
imply,ima etmek
naturally,doğal olarak
mutual,karşılıklı
founder,kurucu
advanced,gelişmiş
pride,gurur
dismiss,azletmek
aircraft,uçak
delivery,teslimat
mainly,daha çok
bake,pişmek
freeze,donmak
platform,platformu
finance,finans
sink,atmak
attractive,çekici
diverse,türlü
relevant,ilgili
ideal,ideal
joy,neşe
regularly,düzenli olarak
working,çalışma
singer,şarkıcı
evolve,evrim geçirmek
shooting,çekim
partly,kısmen
unknown,Bilinmeyen
offense,suç
counter,tezgah
DNA,DNA
potentially,potansiyel olarak
thirty,otuz
justify,savunmak
protest,protesto
crash,kaza
craft,zanaat
treaty,antlaşma
terrorist,terörist
insight,iç yüzü
possess,elinde bulundurmak
politically,politik olarak
tap,musluk
extensive,yaygın
episode,bölüm
swim,yüzmek
tire,yorulmak
fault,arıza
loose,gevşetmek
shortly,kısaca
originally,aslında
considerable,hatırı sayılır
prior,önceki
intellectual,entelektüel
assault,saldırı
relax,rahatlamak
stair,merdiven
adventure,macera
external,harici
proof,kanıt
confident,kendinden emin
headquarters,Merkez
sudden,birden
dirty,kirli
violation,ihlal
tongue,dil
license,lisans
shelter,barınak
rub,ovmak
controversy,tartışma
entrance,giriş
properly,düzgün bir şekilde
fade,solmak
defensive,savunma
tragedy,trajedi
net,açık
characterize,karakterize etmek
funeral,cenaze
profession,meslek
alter,değiştirmek
constitute,oluşturmak
establishment,kuruluş
squeeze,sıkmak
imagination,hayal gücü
mask,maske
convert,dönüştürmek
comprehensive,kapsayıcı
prominent,öne çıkan
presentation,sunum
regardless,ne olursa olsun
load,yük
stable,stabil
introduction,giriiş
pretend,numara yapmak
elderly,yaşlı
representation,temsil
deer,geyik
split,bölmek
violate,ihlal etmek
partnership,ortaklık
pollution,kirlilik
emission,emisyon
steady,sabit durmak
vital,hayati
fate,kader
earnings,kazanç
oven,fırın
distinction,ayrım
segment,bölüm
nowhere,Hiçbir yerde
poet,şair
mere,sadece
exciting,heyecan verici
variation,varyasyon
comfort,konfor
radical,radikal
adapt,adapte olmak
Irish,İrlandalı
honey,Bal
correspondent,muhabir
pale,solgun
musician,müzisyen
significance,önem
vessel,gemi
storage,depolamak
flee,kaçmak
mm-hmm,mm-hmm
leather,deri
distribute,dağıtmak
evolution,evrim
ill,hasta
tribe,kabile
shelf,raf
grandfather,Büyük baba
lawn,çim
buyer,alıcı
dining,yemek
wisdom,bilgelik
council,konsey
vulnerable,hassas
instance,misal
garlic,sarımsak
capability,kabiliyet
poetry,şiir
celebrity,ünlü
gradually,gitgide
stability,istikrar
fantasy,fantezi
scared,korkmuş
plot,komplo
framework,çerçeve
gesture,jest yapmak
depending,bağlı olarak
ongoing,devam ediyor
psychology,Psikoloji
counselor,danışman
chapter,bölüm
divorce,boşanmak
owe,sahip olmak
pipe,boru
athletic,atletik
slight,hafif
math,matematik
shade,gölge
tail,kuyruk
sustain,güç vermek
mount,montaj
obligation,yükümlülük
angle,açı
palm,avuç içi
differ,farklılık
custom,gelenek
economist,iktisatçı
fifteen,on beş
soup,çorba
celebration,kutlama
efficient,verimli
composition,kompozisyon
satisfy,tatmin etmek
pile,istif
briefly,kısaca
carbon,karbon
closer,daha yakın
consume,tüketmek
scheme,şema
crack,çatırtı
frequency,sıklık
tobacco,tütün
survivor,hayatta kalan
besides,Ayrıca
psychologist,psikolog
wealthy,zengin
galaxy,gökada
given,verildi
ski,kayak
limitation,sınırlama
trace,iz
appointment,randevu
preference,tercih
meter,metre
explosion,patlama
publicly,halka açık
incredible,inanılmaz
fighter,savaşçı
rapid,ani
admission,kabul
hunter,avcı
educate,Eğitim vermek
painful,acı verici
friendship,dostluk
aide,yardımcı
infant,bebek
calculate,hesaplamak
fifty,elli
rid,kurtulmak
porch,sundurma
tendency,eğilim
uniform,üniforma
formation,formasyon
scholarship,burs
reservation,rezervasyon
efficiency,yeterlik
qualify,nitelemek
mall,alışveriş merkezi
derive,türetmek
scandal,skandal
PC,bilgisayar
helpful,yardımsever
impress,etkilemek
heel,topuk
resemble,benzemek
privacy,mahremiyet
fabric,kumaş
contest,yarışma
proportion,oran
guideline,yönerge
rifle,tüfek
maintenance,Bakım
conviction,mahkumiyet
trick,kandırmak
organic,organik
tent,çadır
examination,muayene
publisher,Yayımcı
strengthen,güçlendirmek
proposed,önerilen
myth,efsane
sophisticated,komplike
cow,inek
etc,vesaire
standing,ayakta
asleep,uyuya kalmak
tennis,tenis
nerve,sinir
barrel,varil
bombing,bombalama
membership,üyelik
ratio,oran
menu,Menü
controversial,tartışmalı
desperate,çaresiz
lifestyle,yaşam tarzı
humor,mizah
loud,yüksek sesle
glove,eldiven
sufficient,yeterli
narrative,anlatı
photographer,fotoğrafçı
helicopter,helikopter
modest,mütevazı
provider,Sağlayıcı
delay,gecikme
agricultural,tarımsal
explode,patlamak
stroke,felç
scope,kapsam
punishment,ceza
handful,avuç
badly,kötü
horizon,ufuk
curious,meraklı
downtown,şehir merkezi
girlfriend,kız arkadaşı
prompt,çabuk
cholesterol,kolesterol
absorb,emmek
adjustment,ayar
taxpayer,vergi mükellefi
eager,istekli
principal,müdür
detailed,detaylı
motivation,motivasyon
assignment,atama
restriction,kısıtlama
laboratory,laboratuvar
workshop,atölye
differently,farklı
auto,Oto
romantic,romantik
cotton,pamuk
motor,motor
sue,Dava açmak
flavor,lezzet
overlook,görmezden gelmek
float,batmadan yüzmek
undergo,uğramak
sequence,sekans
demonstration,gösteri
jet,jet
orange,turuncu
consumption,tüketim
assert,ileri sürmek
blade,bıçak ağzı
temporary,geçici
medication,ilaç tedavisi
cabin,kabin
bite,ısırmak
edition,baskı
valley,vadi
yours,senin
pitch,saha
pine,çam
brilliant,muhteşem
versus,e karşı
manufacturing,üretme
absolute,mutlak
chef,şef
discrimination,ayrımcılık
offensive,saldırgan
boom,Boom
register,kayıt olmak
appoint,atamak
heritage,miras
God,Tanrı
dominant,baskın
successfully,başarıyla
shit,bok
lemon,limon
hungry,aç
wander,dolaşmak
submit,göndermek
economics,ekonomi
naked,çıplak
anticipate,beklemek
nut,ceviz
legacy,miras
extension,eklenti
shrug,omuz silkmek
battery,pil
arrival,varış
legitimate,meşru
orientation,oryantasyon
inflation,şişirme
cope,başa çıkmak
flame,alev
cluster,küme
wound,yara
dependent,bağımlı
shower,duş
institutional,kurumsal
depict,göstermek
operating,işletme
flesh,et
garage,garaj
operator,Şebeke
instructor,eğitmen
collapse,yıkılmak
borrow,borç almak
furthermore,üstelik
comedy,komedi
mortgage,ipotek
sanction,yaptırım
civilian,sivil
twelve,on iki
weekly,haftalık
habitat,doğal ortam
grain,tahıl
brush,fırçalamak
consciousness,bilinç
devote,adamak
measurement,ölçüm
province,vilayet
ease,kolaylaştırmak
seize,kapmak
ethics,etik
nomination,adaylık
permission,izin
wise,bilge
actress,aktris
summit,toplantı
acid,asit
odds,ihtimaller
gifted,yetenekli
frustration,hüsran
medium,orta
physically,fiziksel olarak
distinguish,ayırt etmek
shore,sahil
repeatedly,defalarca
lung,akciğer
running,koşma
distinct,belirgin
artistic,sanatsal
discourse,söylem
basket,sepet
ah,Ah
fighting,savaş
impressive,etkileyici
competitor,yarışmacı
ugly,çirkin
worried,endişeli
portray,canlandırmak
powder,pudra
ghost,hayalet
persuade,ikna etmek
moderate,ılıman
subsequent,sonraki
continued,devam etti
cookie,kurabiye
carrier,taşıyıcı
cooking,yemek pişirmek
frequent,sık
ban,yasak
awful,berbat
admire,beğenmek
pet,Evcil Hayvan
miracle,mucize
exceed,aşmak
rhythm,ritim
widespread,yaygın
killing,öldürme
lovely,sevimli
sin,günah
charity,hayır kurumu
script,senaryo
tactic,taktik
identification,Tanılama
transformation,dönüşüm
everyday,Her gün
headline,başlık
venture,girişim
invasion,istila
nonetheless,Her şeye rağmen
adequate,yeterli
piano,piyano
grocery,bakkal
intensity,yoğunluk
exhibit,sergilemek
blanket,battaniye
margin,marj
quarterback,oyun kurucu
mouse,fare
rope,halat
concrete,beton
prescription,reçete
African-American,Afrikan Amerikan
chase,takip etmek
brick,tuğla
recruit,iyileştirmek
patch,yama
consensus,uzlaşma
horror,korku
recording,kayıt
changing,değiştirme
painter,ressam
colonial,sömürge
pie,turta
sake,hatır
gaze,bakış
courage,cesaret
pregnancy,gebelik
swear,küfür
defeat,yenmek
clue,ipucu
reinforce,güçlendirmek
confusion,"bilinç bulanıklığı, konfüzyon"
slice,dilim
occupation,meslek
dear,Sayın
coal,kömür
sacred,kutsal
formula,formül
cognitive,bilişsel
collective,toplu
exact,bire bir aynı
uncle,amca
captain,Kaptan
sigh,iç çekmek
attribute,bağlanmak
dare,cesaret etmek
homeless,evsiz
gallery,galeri
soccer,futbol
defendant,sanık
tunnel,tünel
fitness,Fitness
lap,kucak
grave,mezar
toe,ayak parmağı
container,konteyner
virtue,Erdem
abroad,yurt dışı
architect,mimar
dramatically,dramatik bir şekilde
makeup,makyaj yapmak
inquiry,sorgu
rose,gül
surprisingly,şaşırtıcı bir şekilde
highlight,vurgulamak
decrease,azaltmak
indication,gösterge
rail,Demiryolu
anniversary,yıl dönümü
couch,kanepe
alliance,ittifak
hypothesis,hipotez
boyfriend,erkek arkadaş
compose,beste yapmak
mess,karışıklık
legend,efsane
regulate,düzenlemek
adolescent,ergen
shine,parlamak
norm,norm
upset,üzgün
remark,açıklama
resign,istifa etmek
reward,ödül
gentle,nazik
related,ilgili
organ,organ
lightly,hafifçe
concerning,ilişkin
invent,icat etmek
laughter,kahkaha
northwest,Kuzey Batı
counseling,danışmanlık
receiver,alıcı
ritual,ritüel
insect,böcek
interrupt,yarıda kesmek
salmon,somon
trading,ticaret
magic,büyü
superior,üst
combat,dövüş
stem,kök
surgeon,Cerrah
acceptable,kabul edilebilir
physics,fizik
rape,tecavüz
counsel,öğüt
jeans,kot
hunt,avlamak
continuous,sürekli
log,kayıt
echo,Eko
pill,hap
excited,heyecanlı
sculpture,heykel
compound,birleştirmek
integrate,birleştirmek
flour,un
bitter,acı
bare,çıplak
slope,eğim
rent,kira
presidency,başkanlık
serving,hizmet
subtle,hemen göze çarpmayan
greatly,büyük ölçüde
bishop,piskopos
drinking,içme
acceptance,kabul
pump,pompa
candy,Şeker
evil,fenalık
pleased,memnun
medal,madalya
beg,dilenmek
sponsor,sponsor
ethical,etik
secondary,ikincil
slam,çarpmak
export,ihracat
experimental,deneysel
melt,eritmek
midnight,gece yarısı
curve,eğri
integrity,bütünlük
entitle,hak vermek
evident,belirgin
logic,mantık
essence,öz
exclude,hariç tutmak
harsh,sert
closet,dolap
suburban,banliyö
greet,selamlaşmak
interior,iç mekan
corridor,koridor
retail,perakende
pitcher,sürahi
march,mart
snake,yılan
excuse,mazeret
weakness,zayıflık
pig,domuz
classical,klasik
estimated,tahmini
T-shirt,Tişört
unemployment,işsizlik
civilization,uygarlık
fold,katlamak
reverse,tersi
missing,eksik
correlation,korelasyon
humanity,insanlık
flash,flaş
developer,geliştirici
reliable,güvenilir
excitement,heyecanlanmak
beef,biftek
Islam,İslâm
Roman,Roma
architecture,mimari
occasional,ara sıra
administrative,Yönetim
elbow,dirsek
deadly,ölümcül
Hispanic,İspanyol
allegation,iddia
confuse,kafası karışmak
airplane,uçak
monthly,aylık
duck,ördek
dose,doz
Korean,Koreli
plead,yalvarmak
initiate,başlatmak
lecture,ders
van,kamyonet
sixth,altıncı
bay,koy
mainstream,ana akım
suburb,kenar mahalle
sandwich,sandviç
trunk,gövde
rumor,söylenti
implementation,uygulama
swallow,yutmak
motivate,motive etmek
render,oluşturmak
longtime,uzun zaman
trap,tuzak
restrict,kısıtlamak
cloth,kumaş
seemingly,görünüşte
legislative,yasama
effectiveness,verimlilik
enforce,zorlamak
lens,lens
inspector,müfettiş
lend,ödünç vermek
plain,ova
fraud,sahtekar
companion,Arkadaş
contend,çekişmek
nail,çivi
array,sıralamak
strict,sıkı
assemble,birleştirmek
frankly,açıkçası
rat,fare
hay,saman
hallway,koridor
cave,mağara
inevitable,kaçınılmaz
southwest,güneybatı
monster,canavar
unexpected,beklenmedik
obstacle,engel
facilitate,kolaylaştırmak
rip,Huzur içinde yatsın
herb,bitki
overwhelming,ezici
integration,entegrasyon
crystal,kristal
recession,durgunluk
written,yazılı
motive,sebep
flood,sel basmak
pen,dolma kalem
ownership,mülkiyet
nightmare,kabus
inspection,denetleme
supervisor,gözetmen
consult,danışmak
arena,arena
diagnosis,Teşhis
possession,mülk
forgive,affetmek
consistently,sürekli
basement,bodrum
drift,sürüklenme
drain,boşaltmak
prosecution,Soruşturma
maximum,maksimum
announcement,duyuru
warrior,savaşçı
prediction,tahmin
bacteria,bakteri
questionnaire,anket
mud,çamur
infrastructure,altyapı
hurry,acele etmek
privilege,ayrıcalık
temple,tapınak
outdoor,dış mekan
suck,emmek
and/or,ve/veya
broadcast,yayın
re,tekrar
leap,sıçramak
random,rastgele
wrist,bilek
curtain,perde
pond,gölet
domain,ihtisas
guilt,suç
cattle,sığırlar
walking,yürüme
playoff,Final oynamak
minimum,minimum
fiscal,mali
skirt,etek
dump,çöplük
hence,buradan
database,veri tabanı
uncomfortable,rahatsız
execute,uygulamak
limb,uzuv
ideology,ideoloji
tune,melodi
continuing,devam ediyor
harm,zarar
railroad,demiryolu
endure,dayanmak
radiation,radyasyon
horn,korna
chronic,kronik
peaceful,barışçıl
innovation,yenilik
strain,gerilmek
guitar,gitar
replacement,yenisiyle değiştirme
behave,davranmak
administer,yönetmek
simultaneously,eşzamanlı
dancer,dansçı
amendment,değişiklik
pad,ped
transmission,bulaşma
await,beklemek
retired,emekli
trigger,tetiklemek
spill,dökülme
grateful,minnettar
grace,lütuf
virtual,sanal
colony,koloni
adoption,Benimseme
indigenous,yerli
closed,kapalı
convict,mahkum
towel,havlu
modify,değiştirmek
particle,parçacık
prize,ödül
landing,iniş
boost,artırmak
bat,yarasa
alarm,alarm
festival,Festival
grip,kavramak
weird,garip
undermine,baltalamak
freshman,birinci sınıf öğrencisi
sweat,ter
outer,dış
drunk,sarhoş
separation,ayrılma
traditionally,geleneksel olarak
govern,yönetmek
southeast,güneydoğu
intelligent,zeki
wherever,her nerede
ballot,oy pusulası
rhetoric,retorik
convinced,ikna edilmiş
driving,sürme
vitamin,vitamini
enthusiasm,heves
accommodate,Karşılamak
praise,övmek
injure,yaralamak
wilderness,el değmemiş doğa
endless,sonsuz
mandate,vekalet
respectively,sırasıyla
uncertainty,belirsizlik
chaos,kaos
mechanical,mekanik
canvas,tuval
forty,kırk
lobby,lobi
profound,engin
format,biçim
trait,karakter
currency,para birimi
turkey,Türkiye
reserve,rezerv
beam,ışın
astronomer,astronom
corruption,yolsuzluk
contractor,müteahhit
apologize,özür dilemek
doctrine,doktrin
genuine,eşsiz
thumb,baş parmak
unity,birlik
compromise,anlaşmak
horrible,berbat
behavioral,davranışsal
exclusive,özel
scatter,dağılım
commonly,yaygın olarak
convey,iletmek
twist,büküm
complexity,karmaşıklık
fork,çatal
disk,disk
relieve,rahatlamak
suspicion,şüphe
health-care,sağlık hizmeti
residence,Konut
shame,utanç
meaningful,anlamlı
sidewalk,kaldırım
Olympics,Olimpiyatlar
technological,teknolojik
signature,imza
pleasant,güzel
wow,Vay
suspend,askıya almak
rebel,isyancı
frozen,dondurulmuş
spouse,eş
fluid,sıvı
pension,emeklilik
resume,sürdürmek
theoretical,teorik
sodium,sodyum
promotion,terfi
delicate,narin
forehead,alın
rebuild,yeniden inşa etmek
bounce,sıçrama
electrical,elektriksel
hook,kanca
detective,dedektif
traveler,gezgin
click,tıklamak
compensation,tazminat
exit,çıkış
attraction,cazibe
dedicate,adamak
altogether,tamamen
pickup,toplamak
carve,oymak
needle,iğne
belly,karın
scare,Korkmak
portfolio,portföy
shuttle,servis aracı
invisible,görünmez
timing,zamanlama
engagement,nişanlanmak
ankle,bilek
transaction,işlem
rescue,kurtarmak
counterpart,karşılık
historically,tarihsel olarak
firmly,sıkıca
mild,hafif
rider,binici
doll,oyuncak bebek
noon,öğlen
amid,ortasında
identical,birebir aynı
precise,kesin
anxious,endişeli
structural,yapısal
residential,yerleşim
diagnose,teşhis koymak
carbohydrate,karbonhidrat
liberty,özgürlük
poster,afiş
theology,teoloji
nonprofit,kar amacı gütmeyen
crawl,sürünmek
oxygen,oksijen
handsome,Yakışıklı
sum,toplam
provided,tedarik edilen
businessman,işadamı
promising,umut verici
conscious,bilinçli
determination,kararlılık
donor,bağışçı
hers,onunki
pastor,papaz
jazz,caz
opera,opera
acquisition,kazanma
pit,çukur
hug,sarılmak
wildlife,yaban hayatı
punish,cezalandırmak
equity,Eşitlik
doorway,kapı aralığı
departure,kalkış
elevator,asansör
teenage,genç
guidance,rehberlik
happiness,mutluluk
statue,heykel
pursuit,kovalama
repair,tamirat
decent,düzgün
gym,spor salonu
oral,Oral
clerk,katip
envelope,mektup
reporting,raporlama
destination,varış noktası
fist,yumruk
endorse,onaylamak
exploration,keşif
generous,cömert
bath,banyo
thereby,böylece
indicator,gösterge
sunlight,Güneş ışığı
feedback,geri bildirim
spectrum,spektrum
purple,mor
laser,lazer
bold,gözü pek
reluctant,isteksiz
starting,Başlangıç
expertise,Uzmanlık
practically,pratikte
eating,yemek yiyor
hint,ipucu
sharply,keskin bir şekilde
parade,geçit töreni
realm,Diyar
cancel,iptal etmek
blend,karışım
therapist,terapist
peel,soymak
pizza,Pizza
recipient,alıcı
hesitate,tereddüt etmek
flip,çevir
accounting,muhasebe
bias,ön yargı
huh,Ha
metaphor,metafor
candle,mum
judicial,adli
entity,varlık
suffering,cefa
full-time,tam zamanlı
lamp,lamba
garbage,çöp
servant,hizmetkar
regulatory,düzenleyici
diplomatic,diplomatik
elegant,zarif
reception,resepsiyon
vanish,yok olmak
automatically,otomatik olarak
chin,çene
necessity,gereklilik
confess,itiraf etmek
racism,ırkçılık
starter,başlangıç
banking,bankacılık
casual,gündelik
gravity,yer çekimi
enroll,kaydolmak
diminish,azaltmak
prevention,önleme
minimize,küçültmek
chop,kesmek
performer,icracı
intent,niyet
isolate,izole etmek
inventory,envanter
productive,üretken
assembly,toplantı
civic,sivil
silk,ipek
magnitude,büyüklük
steep,dik
hostage,rehin
collector,kolektör
popularity,popülerlik
alien,yabancı
dynamic,dinamik
scary,korkutucu
equation,denklem
angel,melek
offering,teklif
rage,öfkelenmek
photography,fotoğrafçılık
toilet,tuvalet
disappointed,hayal kırıklığına uğramış
precious,değerli
prohibit,yasaklamak
realistic,gerçekçi
hidden,gizlenmiş
tender,sunmak
gathering,toplama
outstanding,üstün
stumble,yanılmak
lonely,yalnız
automobile,otomobil
artificial,yapay
dawn,şafak
abstract,soyut
descend,inmek
silly,şapşal
tide,gelgit
shared,Paylaşıldı
hopefully,umutla
readily,kolayca
cooperate,işbirliği yapmak
revolutionary,devrimci
romance,romantik
hardware,donanım
pillow,yastık
kit,kiti
continent,kıta
seal,fok
circuit,devre
ruling,yonetmek
shortage,kıtlık
annually,yıllık
lately,son zamanlarda
scan,tarama
fool,aptal
deadline,son teslim tarihi
rear,arka
processing,işleme
ranch,çiftlik
coastal,kıyı
undertake,üstlenmek
softly,usulca
burning,yanan
verbal,sözlü
tribal,kabile
ridiculous,saçma
automatic,otomatik
diamond,elmas
credibility,güvenilirlik
import,içe aktarmak
sexually,cinsel olarak
divine,ilahi
sentiment,duygusallık
cart,araba
oversee,denetlemek
o'clock,saat
elder,yaşlı
pro,profesyonel
inspiration,esin
Dutch,Flemenkçe
quantity,miktar
trailer,römork
mate,mat
Greek,Yunan
genius,dahi
monument,anıt
bid,teklif etmek
quest,arayış
sacrifice,kurban etmek
invitation,davet
accuracy,kesinlik
juror,jüri üyesi
officially,resmi olarak
broker,komisyoncu
treasure,hazine
loyalty,bağlılık
talented,yetenekli
gasoline,benzin
stiff,katı
output,çıktı
nominee,aday
extended,uzatılmış
diabetes,diyabet
slap,tokat
toxic,zehirli
alleged,iddia edilen
jaw,çene
grief,yas
mysterious,gizemli
rocket,roket
donate,bağış yapmak
inmate,mahkum
tackle,olta takımı
dynamics,dinamikler
bow,yay
ours,bizim
dignity,itibar
carpet,halı
parental,ebeveyn
bubble,kabarcık
buddy,ahbap
barn,ahır
sword,kılıç
seventh,yedinci
glory,görkem
tightly,sıkıca
protective,koruyucu
tuck,sıkıştırmak
drum,davul
faint,bayılmak
queen,kraliçe
dilemma,ikilem
input,giriş
specialize,uzmanlaşmak
northeast,kuzeydoğu
shallow,sığ
liability,yükümlülük
sail,denize açılmak
merchant,tüccar
stadium,stadyum
improved,gelişmiş
bloody,kanlı
associated,birleşmiş
withdrawal,para çekme
refrigerator,buzdolabı
nest,yuva
thoroughly,iyice
lane,Lane
ancestor,Ata
condemn,kınamak
steam,buhar
accent,aksan
optimistic,iyimser
unite,birleşmek
cage,kafes
equip,donatmak
shrimp,karides
homeland,vatan
rack,raf
costume,kostüm
wolf,kurt
courtroom,mahkeme salonu
statute,yasa
cartoon,karikatür
productivity,üretkenlik
grin,sırıtış
symbolic,simgesel
bug,böcek
bless,korusun
aunt,hala
agriculture,tarım
hostile,düşmanca
conceive,hamile kalmak
combined,kombine
instantly,aniden
bankruptcy,iflas
vaccine,aşı
bonus,bonus
collaboration,işbirliği
mixed,karışık
opposed,karşı çıktı
orbit,yörünge
grasp,sıkı sıkı tutmak
patience,sabır
spite,kin
tropical,tropikal
voting,oy verme
patrol,devriye gezmek
willingness,isteklilik
revelation,vahiy
calm,sakinlik
jewelry,takı
Cuban,Küba
haul,çekmek
concede,teslim olmak
wagon,vagon
afterward,sonrasında
spectacular,muhteşem
ruin,mahvetmek
sheer,şeffaf
immune,bağışıklık
reliability,güvenilirlik
ass,eşek
alongside,yanında
bush,çalı
exotic,acayip
fascinating,büyüleyici
clip,klips
thigh,uyluk
bull,Boğa
drawer,çekmece
sheep,koyun
discourage,vazgeçirmek
coordinator,koordinatör
ideological,ideolojik
runner,koşucu
secular,laik
intimate,samimi
empire,imparatorluk
cab,taksi
exam,sınav
documentary,belgesel
neutral,doğal
biology,Biyoloji
flexible,esnek
progressive,ilerici
web,ağ
conspiracy,komplo
casualty,zayiat
republic,cumhuriyet
execution,uygulamak
terrific,müthiş
whale,balina
functional,fonksiyonel
instinct,içgüdü
teammate,takım arkadaşı
aluminum,alüminyum
whoever,her kim
ministry,bakanlık
verdict,karar
instruct,öğretmek
skull,kafatası
self-esteem,özgüven
cooperative,kooperatif
manipulate,manipule etmek
bee,bal arısı
practitioner,uygulayıcı
loop,döngü
edit,düzenlemek
whip,kırbaç
puzzle,bulmaca
mushroom,mantar
subsidy,sübvansiyon
boil,kaynamak
tragic,trajik
mathematics,matematik
mechanic,tamirci
jar,kavanoz
earthquake,deprem
pork,domuz eti
creativity,yaratıcılık
safely,güvenli bir şekilde
underlying,altta yatan
dessert,tatlı
sympathy,sempati
fisherman,balıkçı
incredibly,inanılmaz şekilde
isolation,izolasyon
sock,çorap
eleven,on bir
sexy,seksi
entrepreneur,girişimci
syndrome,sendromu
bureau,büro
workplace,iş yeri
ambition,tutku
touchdown,gol
utilize,faydalanmak
breeze,Meltem
costly,pahalı
ambitious,hırslı
Christianity,Hıristiyanlık
presumably,muhtemelen
influential,etkili
translation,tercüme
uncertain,belirsiz
dissolve,çözünmek
statistical,istatistiksel
gut,bağırsak
metropolitan,büyükşehir
rolling,yuvarlamak
aesthetic,estetik
spell,hecelemek
insert,sokmak
booth,çardak
helmet,kask
waist,bel
expected,beklenen
lion,aslan
accomplishment,başarı
royal,asil
panic,panik
crush,ezmek
actively,aktif olarak
cliff,uçurum
minimal,en az
cord,kordon
fortunately,neyse ki
cocaine,kokain
illusion,yanılsama
anonymous,anonim
tolerate,tahammül etmek
appreciation,takdir
commissioner,komiser
flexibility,esneklik
instructional,eğitici
scramble,kapışmak
casino,kumarhane
tumor,tümör
decorate,süslemek
pulse,nabız
equivalent,eş değer
fixed,sabit
experienced,Tecrübeli
donation,bağış
diary,günlük
sibling,kardeş
irony,ironi
spoon,kaşık
midst,ortasında
alley,sokak
interact,etkileşime girmek
soap,sabun
cute,Sevimli
rival,rakip
short-term,kısa vadeli
punch,yumruk
pin,toplu iğne
hockey,hokey
passing,geçen
persist,ısrar etmek
supplier,Tedarikçi
known,bilinen
momentum,itme
purse,el çantası
shed,baraka
liquid,sıvı
icon,simge
elephant,fil
consequently,sonuç olarak
legislature,yasama organı
franchise,imtiyaz
correctly,doğru şekilde
mentally,zihinsel olarak
foster,bakmak
bicycle,bisiklet
encouraging,teşvik edici
cheat,aldatmak
heal,iyileştirmek
fever,ateş
filter,filtre
rabbit,tavşan
coin,madeni para
exploit,faydalanmak
accessible,erişilebilir
organism,organizma
sensation,duygu
partially,kısmen
upstairs,üst katta
dried,kurutulmuş
conservation,koruma
shove,kıpırdamak
backyard,arka bahçe
charter,kiralama
stove,soba
consent,onay
comprise,içermek
reminder,hatırlatma
alike,benzer
placement,atama
dough,hamur
grandchild,torun
dam,baraj
reportedly,bildirildiğine göre
well-known,tanınmış
surrounding,çevreleyen
ecological,ekolojik
outfit,kıyafet
unprecedented,benzeri görülmemiş
columnist,köşe yazarı
workout,antrenman yapmak
preliminary,ön hazırlık
patent,patent
shy,utangaç
trash,çöp
disabled,engelli
gross,brüt
damn,lanet etmek
hormone,hormon
texture,doku
pencil,kalem
frontier,sınır
spray,sprey
disclose,ifşa etmek
custody,velayet
banker,bankacı
beast,canavar
interfere,müdahale etmek
oak,meşe
eighth,sekizinci
notebook,not defteri
outline,taslak
attendance,katılım
speculation,spekülasyon
uncover,ortaya çıkarmak
behalf,adına
innovative,yenilikçi
shark,köpek balığı
mill,değirmen
installation,kurulum
stimulate,canlandırmak
tag,etiket
vertical,dikey
swimming,yüzme
fleet,filo
catalog,katalog
outsider,yabancı
desperately,umutsuzca
stance,duruş
compel,zorlamak
sensitivity,duyarlılık
someday,bir gün
instant,ani
debut,ilk çıkış
proclaim,ilan etmek
worldwide,Dünya çapında
hike,yürüyüş
required,gerekli
confrontation,yüzleşme
colorful,renkli
constitution,anayasa
trainer,eğitimci
Thanksgiving,Şükran günü
scent,koku
stack,yığın
eyebrow,kaş
sack,çuval
cease,durdurmak
inherit,miras almak
tray,tepsi
pioneer,öncü
organizational,organizasyonel
textbook,ders kitabı
uh,ah
nasty,edepsiz
shrink,çekmek
emerging,Ortaya çıkan
dot,nokta
wheat,buğday
fierce,şiddetli
envision,tasavvur etmek
rational,akılcı
kingdom,krallık
aisle,koridor
weaken,zayıflatmak
protocol,protokol
exclusively,münhasıran
vocal,vokal
marketplace,Pazar yeri
openly,açıkça
unfair,haksız
terrain,arazi
deploy,dağıtmak
risky,riskli
pasta,makarna
genre,tür
distract,dikkatini dağıtmak
merit,liyakat
planner,planlamacı
depressed,bunalımlı
chunk,yığın
closest,en yakın
discount,indirim
ladder,merdiven
jungle,orman
migration,göç
breathing,nefes almak
invade,istila etmek
hurricane,kasırga
retailer,perakendeci
classify,sınıflandırmak
coup,darbe
ambassador,büyükelçi
density,yoğunluk
supportive,destekleyici
curiosity,merak
skip,atlamak
aggression,saldırganlık
stimulus,uyarıcı
journalism,gazetecilik
robot,robot
dip,daldırma
likewise,aynı şekilde
informal,resmi olmayan
Persian,Farsça
feather,tüy
sphere,küre
tighten,sıkılaştırmak
boast,övünme
pat,okşamak
perceived,algılanan
sole,ayak tabanı
publicity,tanıtım
unfold,açılmak
well-being,refah
validity,geçerlilik
ecosystem,ekosistem
strictly,kesinlikle
partial,kısmi
collar,yaka
weed,esrar
compliance,uyma
streak,rüzgâr gibi geçmek
supposedly,sözde
added,katma
builder,inşaatçı
glimpse,bakış
premise,Öncül
specialty,uzmanlık
deem,düşünmek
artifact,eser
sneak,gizlice
monkey,maymun
mentor,akıl hocası
two-thirds,üçte iki
listener,dinleyici
lightning,yıldırım
legally,yasal olarak
sleeve,elbise kolu
disappointment,hayal kırıklığı
disturb,rahatsız etmek
rib,kaburga
excessive,aşırı
high-tech,yüksek teknoloji
debris,enkaz
rod,kamış
logical,mantıklı
ash,kül
socially,sosyal olarak
parish,mahalle
slavery,kölelik
blank,boşluk
commodity,emtia
cure,tedavi
mineral,mineral
hunger,açlık
dying,ölme
developmental,gelişimsel
faster,Daha hızlı
spare,kıyamamak
halfway,yarı yolda
equality,eşitlik
cemetery,mezarlık
harassment,taciz
deliberately,kasten
fame,şöhret
regret,pişmanlık
striking,dikkat çekici
likelihood,olasılık
carrot,havuç
atop,tepede
toll,Geçiş ücreti
rim,jant
embarrassed,utanmış
fucking,kahrolası
cling,sarılmak
isolated,yalıtılmış
blink,göz kırpmak
suspicious,şüpheli
wheelchair,tekerlekli sandalye
squad,Tayfa
eligible,hak sahibi
processor,işlemci
plunge,dalma
demographic,demografik
chill,sakin olmak
refuge,sığınak
steer,yönlendirmek
legislator,yasa koyucu
rally,miting
programming,programlama
cheer,tezahürat
outlet,çıkış
intact,bozulmamış
vendor,SATICI
thrive,gelişmek
peanut,fıstık
chew,çiğnemek
elaborate,detaylandırmak
conception,anlayış
auction,açık arttırma
steak,biftek
comply,uymak
triumph,zafer
shareholder,hissedar
comparable,karşılaştırılabilir
transport,Ulaşım
conscience,vicdan
calculation,hesaplama
considerably,önemli ölçüde
interval,aralık
scratch,çizik
awake,uyanmak
jurisdiction,yargı yetkisi
inevitably,kaçınılmaz olarak
feminist,feminist
constraint,kısıtlama
emotionally,duygusal olarak
expedition,sefer
allegedly,iddiaya göre
similarity,benzerlik
butt,popo
lid,kapak
dumb,sersem
bulk,toplu
sprinkle,serpmek
mortality,ölüm
philosophical,felsefi
conversion,dönüştürmek
patron,patron
municipal,belediye
liver,karaciğer
harmony,uyum
solely,sadece
tolerance,hata payı
goat,keçi
blessing,nimet
banana,muz
palace,Saray
formerly,vakti zamanında
peasant,köylü
neat,düzenli
grandparent,büyükanne ve büyükbaba
lawmaker,yasa koyucu
supermarket,süpermarket
cruise,dolaşmak
mobile,mobil
calendar,takvim
widow,dul
deposit,Depozito
beard,sakal
brake,fren
screening,tarama
impulse,dürtü
forbid,yasaklamak
fur,kürk
brutal,vahşi
predator,yırtıcı hayvan
poke,dürtmek
opt,tercih
voluntary,gönüllü
valid,geçerli
forum,forum
dancing,dans
happily,mutlu bir şekilde
soar,uçmak
removal,kaldırma
autonomy,özerklik
enact,sahnelemek
thread,iplik
landmark,dönüm noktası
unhappy,mutsuz
offender,suçlu
coming,gelen
privately,özel olarak
fraction,kesir
distinctive,ayırt edici
tourism,turizm
threshold,eşik
routinely,rutin olarak
suite,süit
regulator,regülatör
straw,pipet
theological,teolojik
exhaust,egzoz
globe,küre
fragile,kırılgan
objection,itiraz
chemistry,kimya
old-fashioned,eski moda
crowded,kalabalık
blast,büyük patlama
prevail,hakim olmak
overnight,bir gecede
denial,inkar
rental,kiralama
fantastic,fantastik
fragment,parça
screw,vida
warmth,sıcaklık
undergraduate,lisans
headache,baş ağrısı
policeman,polis
projection,projeksiyon
suitable,uygun
graduation,mezuniyet
drill,delmek
cruel,acımasız
mansion,konak
grape,üzüm
authorize,yetki vermek
cottage,kır evi
driveway,araba yolu
charm,cazibe
sexuality,cinsellik
loyal,sadık
clay,kil
balloon,balon
invention,buluş
ego,benlik
fare,Ücret
homework,Ev ödevi
disc,disk
sofa,divan
availability,kullanılabilirlik
radar,radar
frown,kaşlarını çatmak
regain,yeniden kazanmak
sweater,Kazak
rehabilitation,rehabilitasyon
rubber,lastik
retreat,geri çekilmek
molecule,molekül
freely,özgürce
favorable,elverişli
steadily,istikrarlı bir şekilde
integrated,Birleşik
ha,Ha
youngster,genç
premium,ödül
accountability,Hesap verebilirlik
overwhelm,kaplamak
one-third,üçte bir
contemplate,düşünmek
update,güncelleme
spark,kıvılcım
ironically,ironik bir şekilde
fatigue,tükenmişlik
speculate,spekülasyon yapmak
marker,işaretleyici
preach,vaaz vermek
bucket,Kova
blond,sarışın
confession,itiraf
provoke,kışkırtmak
marble,mermer
substantially,esasen
defender,defans oyuncusu
explicit,açık
disturbing,rahatsız edici
surveillance,gözetim
magnetic,manyetik
technician,teknisyen
mutter,mırıldanmak
devastating,yıkıcı
depart,ayrılmak
arrow,ok
trauma,travma
neighboring,komşu
soak,emmek
ribbon,kurdele
meantime,bu arada
transmit,iletmek
harvest,hasat
consecutive,ardışık
coordinate,koordinat
spy,casus
slot,yuva
riot,isyan
nutrient,besin
citizenship,vatandaşlık
severely,şiddetli
sovereignty,egemenlik
ridge,çıkıntı
brave,cesur
lighting,aydınlatma
specify,belirtmek
contributor,katkıda bulunan
frustrate,hayal kırıklığına uğratmak
articulate,ifade
importantly,önemlisi
transit,taşıma
dense,yoğun
seminar,seminer
electronics,elektronik
sunny,güneşli
shorts,şort
swell,kabarma
accusation,suçlama
soften,yumuşatmak
straighten,düzeltmek
terribly,korkunç derecede
cue,isteka
bride,gelin
biography,biyografi
hazard,tehlike
compelling,zorlayıcı
seldom,nadiren
tile,fayans
economically,ekonomik olarak
honestly,Açıkçası
troubled,sorunlu
twentieth,yirminci
balanced,dengeli
foreigner,yabancı
convenience,kolaylık
delight,zevk
weave,örgü
timber,kereste
till,kadar
accurately,doğru bir şekilde
plea,savunma
bulb,ampul
flying,uçan
sustainable,sürdürülebilir
devil,şeytan
bolt,cıvata
cargo,kargo
spine,omurga
seller,satıcı
skilled,yetenekli
managing,yönetmek
marine,deniz
dock,rıhtım
organized,organize edilmiş
fog,sis
diplomat,diplomat
boring,sıkıcı
sometime,bazen
summary,özet
missionary,misyoner
epidemic,epidemi
fatal,ölümcül
trim,düzeltme
warehouse,depo
accelerate,hızlanmak
butterfly,kelebek
bronze,bronz
drown,bastırmak
inherent,doğuştan
nationwide,ülke çapında
spit,tükürmek
kneel,diz çökmek
vacuum,vakum
selected,seçilmiş
dictate,dikte